id,demo_id,order,created_at,updated_at,link_id
1,1,1,2019-06-18 11:02:23.207313,2019-06-18 11:02:23.207313,16
2,1,2,2019-06-18 11:02:23.216317,2019-06-18 11:02:23.216317,17
3,1,3,2019-06-18 11:02:23.226316,2019-06-18 11:02:23.226316,18
4,2,4,2019-06-18 11:02:23.235314,2019-06-18 11:02:23.235314,21
5,2,5,2019-06-18 11:02:23.244315,2019-06-18 11:02:23.244315,22
6,2,6,2019-06-18 11:02:23.254316,2019-06-18 11:02:23.254316,23
7,3,7,2019-06-18 11:02:23.264314,2019-06-18 11:02:23.264314,26
8,3,8,2019-06-18 11:02:23.275317,2019-06-18 11:02:23.275317,27
9,3,9,2019-06-18 11:02:23.284315,2019-06-18 11:02:23.284315,28
10,4,10,2019-06-18 11:02:23.293317,2019-06-18 11:02:23.293317,31
11,4,11,2019-06-18 11:02:23.303006,2019-06-18 11:02:23.303006,32
12,4,12,2019-06-18 11:02:23.314006,2019-06-18 11:02:23.314006,33
13,5,13,2019-06-18 11:02:23.326006,2019-06-18 11:02:23.326006,36
14,5,14,2019-06-18 11:02:23.348003,2019-06-18 11:02:23.348003,37
15,6,15,2019-06-18 11:02:23.358001,2019-06-18 11:02:23.358001,40
16,6,16,2019-06-18 11:02:23.368002,2019-06-18 11:02:23.368002,41
