id,gallery_id,order,created_at,updated_at,link_id
1,1,1,2019-06-18 11:02:22.766545,2019-06-18 11:02:22.766545,19
2,2,2,2019-06-18 11:02:22.775550,2019-06-18 11:02:22.775550,24
3,3,3,2019-06-18 11:02:22.785071,2019-06-18 11:02:22.785071,29
4,4,4,2019-06-18 11:02:22.794067,2019-06-18 11:02:22.794067,34
5,5,5,2019-06-18 11:02:22.803664,2019-06-18 11:02:22.803664,38
6,6,6,2019-06-18 11:02:22.812663,2019-06-18 11:02:22.812663,42
7,7,7,2019-06-18 11:02:22.822665,2019-06-18 11:02:22.822665,44
8,8,8,2019-06-18 11:02:22.832350,2019-06-18 11:02:22.832350,46
9,9,9,2019-06-18 11:02:22.841350,2019-06-18 11:02:22.841350,48
10,10,10,2019-06-18 11:02:22.850350,2019-06-18 11:02:22.850350,50
11,11,11,2019-06-18 11:02:22.860010,2019-06-18 11:02:22.860010,51
12,11,12,2019-06-18 11:02:22.870038,2019-06-18 11:02:22.870038,52
13,11,13,2019-06-18 11:02:22.879038,2019-06-18 11:02:22.879038,53
14,11,14,2019-06-18 11:02:22.889037,2019-06-18 11:02:22.889037,54
15,11,15,2019-06-18 11:02:22.898043,2019-06-18 11:02:22.898043,55
16,11,16,2019-06-18 11:02:22.907035,2019-06-18 11:02:22.907035,56
17,11,17,2019-06-18 11:02:22.917067,2019-06-18 11:02:22.917067,57
18,11,18,2019-06-18 11:02:22.926035,2019-06-18 11:02:22.926035,58
19,12,19,2019-06-18 11:02:22.936172,2019-06-18 11:02:22.936172,54
20,13,20,2019-06-18 11:02:22.945204,2019-06-18 11:02:22.945204,55
21,14,21,2019-06-18 11:02:22.954859,2019-06-18 11:02:22.954859,56
22,15,22,2019-06-18 11:02:22.963839,2019-06-18 11:02:22.963839,57
23,16,23,2019-06-18 11:02:22.976299,2019-06-18 11:02:22.976299,58
